id_l,id_r,venue_dLs,venue_NW,venue_tv,venue_oc,venue_cs,venue_bag,year_div,title_dLs,title_NW,title_tv,title_oc,title_cs,title_bag,authors_dLs,authors_NW,authors_tv,authors_oc,authors_cs,authors_bag,label
2604,1713,0.04347826086956519,0.06521739130434782,0.04166666666666663,0.5,0.1474419561548972,0.04347826086956519,0.9965017491254373,0.15384615384615385,0.46153846153846156,0.5245901639344263,0.7804878048780488,0.693036930918736,0.6153846153846154,0.19999999999999996,0.5230769230769231,0.43529411764705883,0.6491228070175439,0.6078656716445112,0.5692307692307692,0
94,1609,0.5348837209302326,0.5581395348837209,0.5111111111111111,0.92,0.7014934235299815,0.5348837209302326,1.0,1.0,1.0,1.0,1.0,1.0,1.0,0.6666666666666667,0.8263888888888888,1.0,1.0,1.0,1.0,1
715,195,0.15217391304347827,0.21739130434782608,0.22916666666666663,0.8461538461538461,0.4498234510602419,0.23913043478260865,0.9995,0.19999999999999996,0.5,0.6153846153846154,0.8205128205128205,0.7638558656420618,0.7111111111111111,0.125,0.1597222222222222,0.17808219178082196,0.9285714285714286,0.40946151242666273,0.18055555555555558,0
456,941,0.19047619047619047,0.19047619047619047,0.19047619047619047,1.0,0.4364357804719847,0.19047619047619047,1.0,1.0,1.0,1.0,1.0,1.0,1.0,0.6521739130434783,0.7934782608695652,1.0,1.0,1.0,1.0,1
2368,925,0.7647058823529411,0.7647058823529411,0.7647058823529411,1.0,0.8744746321952062,0.7647058823529411,1.0,0.13043478260869568,0.45652173913043476,0.4,0.631578947368421,0.5740378478819278,0.5217391304347826,1.0,1.0,1.0,1.0,1.0,1.0,1
687,1855,0.26086956521739135,0.31521739130434784,0.34042553191489366,0.9411764705882353,0.5721588318817212,0.34782608695652173,1.0,0.8181818181818181,0.8181818181818182,0.8181818181818182,1.0,0.9045340337332909,0.8181818181818181,1.0,1.0,1.0,1.0,1.0,1.0,1
1415,37,0.04347826086956519,0.06521739130434782,0.04166666666666663,0.5,0.1474419561548972,0.04347826086956519,0.9974987493746873,0.19402985074626866,0.5223880597014925,0.5949367088607594,0.7966101694915254,0.7475400250463475,0.7014925373134329,0.2222222222222222,0.5555555555555556,0.44897959183673475,0.6285714285714286,0.6197797868009122,0.6111111111111112,0
2000,1117,0.19047619047619047,0.19047619047619047,0.19047619047619047,1.0,0.4364357804719847,0.19047619047619047,1.0,1.0,1.0,1.0,1.0,1.0,1.0,1.0,1.0,1.0,1.0,1.0,1.0,1
1811,481,0.7647058823529411,0.7647058823529411,0.7647058823529411,1.0,0.8744746321952062,0.7647058823529411,1.0,1.0,1.0,1.0,1.0,1.0,1.0,1.0,1.0,1.0,1.0,1.0,1.0,1
1489,365,0.26086956521739135,0.31521739130434784,0.34042553191489366,0.9411764705882353,0.5721588318817212,0.34782608695652173,1.0,0.6571428571428571,0.6571428571428571,0.6571428571428571,1.0,0.8106434833777776,0.6571428571428571,1.0,1.0,1.0,1.0,1.0,1.0,1
903,646,0.26086956521739135,0.31521739130434784,0.34042553191489366,0.9411764705882353,0.5721588318817212,0.34782608695652173,1.0,1.0,1.0,1.0,1.0,1.0,1.0,0.36923076923076925,0.6230769230769231,0.9538461538461539,1.0,0.9766504768063926,0.9538461538461538,1
22,1862,0.7647058823529411,0.7647058823529411,0.7647058823529411,1.0,0.8744746321952062,0.7647058823529411,1.0,1.0,1.0,1.0,1.0,1.0,1.0,0.5,0.6583333333333333,0.9,1.0,0.9486832980505138,0.9,1
2448,2225,0.04761904761904767,0.42857142857142855,0.2666666666666666,0.47058823529411764,0.4234048992199705,0.38095238095238093,0.9974987493746873,0.25757575757575757,0.5378787878787878,0.6133333333333333,0.8363636363636363,0.7634920498556861,0.696969696969697,0.18333333333333335,0.3,0.41666666666666674,1.0,0.6454972243679028,0.41666666666666663,0
2599,1615,0.23529411764705888,0.5294117647058824,0.5454545454545454,0.7058823529411765,0.7058823529411765,0.7058823529411764,0.9975,0.2727272727272727,0.4431818181818182,0.5106382978723404,0.8888888888888888,0.6963106238227914,0.5454545454545454,0.31481481481481477,0.5555555555555556,0.6451612903225806,0.8333333333333334,0.7856742013183862,0.7407407407407407,0
1082,1535,0.26086956521739135,0.31521739130434784,0.34042553191489366,0.9411764705882353,0.5721588318817212,0.34782608695652173,1.0,1.0,1.0,1.0,1.0,1.0,1.0,0.5757575757575757,0.6060606060606061,0.5428571428571428,0.9047619047619048,0.721750317577707,0.5757575757575757,1
2448,1790,0.26086956521739135,0.31521739130434784,0.34042553191489366,0.9411764705882353,0.5721588318817212,0.34782608695652173,0.9994997498749375,0.47435897435897434,0.5769230769230769,0.5647058823529412,0.8727272727272727,0.7328457798629511,0.6153846153846154,0.4666666666666667,0.6583333333333333,0.8307692307692308,0.9152542372881356,0.9075950713612994,0.9,0
1647,1621,0.26086956521739135,0.31521739130434784,0.34042553191489366,0.9411764705882353,0.5721588318817212,0.34782608695652173,1.0,1.0,1.0,1.0,1.0,1.0,1.0,0.31333333333333335,0.5733333333333334,1.0,1.0,1.0,1.0,1
1096,422,0.21739130434782605,0.3804347826086957,0.3148148148148149,0.68,0.5013026509266503,0.3695652173913043,0.9985022466300549,0.28888888888888886,0.37777777777777777,0.48888888888888893,1.0,0.699205898780101,0.48888888888888893,0.19444444444444442,0.4583333333333333,0.34042553191489366,0.5925925925925926,0.5132002392796673,0.4444444444444444,0
2199,1338,0.19047619047619047,0.19047619047619047,0.19047619047619047,1.0,0.4364357804719847,0.19047619047619047,0.999000499750125,0.3111111111111111,0.4722222222222222,0.53125,0.8947368421052632,0.7120516440958824,0.5666666666666667,0.21052631578947367,0.32894736842105265,0.2727272727272727,0.6666666666666666,0.4588314677411236,0.3157894736842105,0
1385,127,0.7647058823529411,0.7647058823529411,0.7647058823529411,1.0,0.8744746321952062,0.7647058823529411,1.0,1.0,1.0,1.0,1.0,1.0,1.0,0.4423076923076923,0.5865384615384616,0.6363636363636364,0.9210526315789473,0.7873622236652332,0.6730769230769231,1
